missing_rate,Scenario,seed,Model,TP,FP,FN,Precision,Recall,F1,FPR,n_det,false_alarm_before_onset,first_det_after_onset
0.05,Control,0,Static,12,28,27,0.3,0.3076923076923077,0.3037974683544304,0.014278429372768995,0,0,
0.05,Control,0,Evolving,12,28,27,0.3,0.3076923076923077,0.3037974683544304,0.014278429372768995,0,0,
0.05,Control,1,Static,12,32,27,0.2727272727272727,0.3076923076923077,0.2891566265060241,0.01631820499745028,0,0,
0.05,Control,1,Evolving,12,32,27,0.2727272727272727,0.3076923076923077,0.2891566265060241,0.01631820499745028,0,0,
0.05,Control,2,Static,13,30,26,0.3023255813953488,0.3333333333333333,0.31707317073170727,0.015298317185109638,0,0,
0.05,Control,2,Evolving,13,30,26,0.3023255813953488,0.3333333333333333,0.31707317073170727,0.015298317185109638,0,0,
0.05,Control,3,Static,10,29,29,0.2564102564102564,0.2564102564102564,0.2564102564102564,0.014788373278939317,0,0,
0.05,Control,3,Evolving,10,29,29,0.2564102564102564,0.2564102564102564,0.2564102564102564,0.014788373278939317,0,0,
0.05,Control,4,Static,11,33,28,0.25,0.28205128205128205,0.26506024096385544,0.016828148903620603,0,0,
0.05,Control,4,Evolving,11,33,28,0.25,0.28205128205128205,0.26506024096385544,0.016828148903620603,0,0,
0.05,Sudden Drift,0,Static,16,105,23,0.1322314049586777,0.41025641025641024,0.19999999999999998,0.05354411014788373,1,0,1183.0
0.05,Sudden Drift,0,Evolving,14,50,25,0.21875,0.358974358974359,0.27184466019417475,0.025497195308516064,1,0,1183.0
0.05,Sudden Drift,1,Static,16,106,23,0.13114754098360656,0.41025641025641024,0.19875776397515527,0.05405405405405406,1,0,1183.0
0.05,Sudden Drift,1,Evolving,14,52,25,0.21212121212121213,0.358974358974359,0.26666666666666666,0.026517083120856707,1,0,1183.0
0.05,Sudden Drift,2,Static,18,108,21,0.14285714285714285,0.46153846153846156,0.21818181818181817,0.05507394186639469,1,0,1183.0
0.05,Sudden Drift,2,Evolving,14,50,25,0.21875,0.358974358974359,0.27184466019417475,0.025497195308516064,1,0,1183.0
0.05,Sudden Drift,3,Static,18,106,21,0.14516129032258066,0.46153846153846156,0.2208588957055215,0.05405405405405406,1,0,1183.0
0.05,Sudden Drift,3,Evolving,13,51,26,0.203125,0.3333333333333333,0.2524271844660194,0.026007139214686385,1,0,1183.0
0.05,Sudden Drift,4,Static,18,110,21,0.140625,0.46153846153846156,0.2155688622754491,0.05609382967873534,1,0,1183.0
0.05,Sudden Drift,4,Evolving,13,55,26,0.19117647058823528,0.3333333333333333,0.2429906542056075,0.02804691483936767,1,0,1183.0
0.05,Gradual Drift,0,Static,16,104,23,0.13333333333333333,0.41025641025641024,0.20125786163522014,0.053034166241713414,1,0,1247.0
0.05,Gradual Drift,0,Evolving,13,54,26,0.19402985074626866,0.3333333333333333,0.2452830188679245,0.027536970933197347,1,0,1247.0
0.05,Gradual Drift,1,Static,16,106,23,0.13114754098360656,0.41025641025641024,0.19875776397515527,0.05405405405405406,1,0,1247.0
0.05,Gradual Drift,1,Evolving,14,60,25,0.1891891891891892,0.358974358974359,0.24778761061946902,0.030596634370219276,1,0,1247.0
0.05,Gradual Drift,2,Static,18,107,21,0.144,0.46153846153846156,0.2195121951219512,0.054563997960224375,1,0,1247.0
0.05,Gradual Drift,2,Evolving,13,57,26,0.18571428571428572,0.3333333333333333,0.23853211009174316,0.02906680265170831,1,0,1247.0
0.05,Gradual Drift,3,Static,18,105,21,0.14634146341463414,0.46153846153846156,0.2222222222222222,0.05354411014788373,1,0,1311.0
0.05,Gradual Drift,3,Evolving,14,64,25,0.1794871794871795,0.358974358974359,0.23931623931623933,0.03263640999490056,1,0,1311.0
0.05,Gradual Drift,4,Static,18,108,21,0.14285714285714285,0.46153846153846156,0.21818181818181817,0.05507394186639469,1,0,1247.0
0.05,Gradual Drift,4,Evolving,14,59,25,0.1917808219178082,0.358974358974359,0.25,0.030086690464048955,1,0,1247.0
0.1,Control,0,Static,11,25,28,0.3055555555555556,0.28205128205128205,0.29333333333333333,0.012748597654258032,0,0,
0.1,Control,0,Evolving,11,25,28,0.3055555555555556,0.28205128205128205,0.29333333333333333,0.012748597654258032,0,0,
0.1,Control,1,Static,12,31,27,0.27906976744186046,0.3076923076923077,0.2926829268292683,0.01580826109127996,0,0,
0.1,Control,1,Evolving,12,31,27,0.27906976744186046,0.3076923076923077,0.2926829268292683,0.01580826109127996,0,0,
0.1,Control,2,Static,11,27,28,0.2894736842105263,0.28205128205128205,0.28571428571428575,0.013768485466598673,0,0,
0.1,Control,2,Evolving,11,27,28,0.2894736842105263,0.28205128205128205,0.28571428571428575,0.013768485466598673,0,0,
0.1,Control,3,Static,10,24,29,0.29411764705882354,0.2564102564102564,0.273972602739726,0.01223865374808771,0,0,
0.1,Control,3,Evolving,10,24,29,0.29411764705882354,0.2564102564102564,0.273972602739726,0.01223865374808771,0,0,
0.1,Control,4,Static,9,32,30,0.21951219512195122,0.23076923076923078,0.225,0.01631820499745028,0,0,
0.1,Control,4,Evolving,9,32,30,0.21951219512195122,0.23076923076923078,0.225,0.01631820499745028,0,0,
0.1,Sudden Drift,0,Static,16,99,23,0.1391304347826087,0.41025641025641024,0.2077922077922078,0.0504844467108618,1,0,1183.0
0.1,Sudden Drift,0,Evolving,13,44,26,0.22807017543859648,0.3333333333333333,0.2708333333333333,0.022437531871494134,1,0,1183.0
0.1,Sudden Drift,1,Static,16,100,23,0.13793103448275862,0.41025641025641024,0.20645161290322583,0.05099439061703213,1,0,1183.0
0.1,Sudden Drift,1,Evolving,14,51,25,0.2153846153846154,0.358974358974359,0.2692307692307693,0.026007139214686385,1,0,1183.0
0.1,Sudden Drift,2,Static,17,103,22,0.14166666666666666,0.4358974358974359,0.21383647798742142,0.05252422233554309,1,0,1183.0
0.1,Sudden Drift,2,Evolving,13,45,26,0.22413793103448276,0.3333333333333333,0.268041237113402,0.022947475777664456,1,0,1183.0
0.1,Sudden Drift,3,Static,18,101,21,0.15126050420168066,0.46153846153846156,0.22784810126582278,0.051504334523202445,1,0,1183.0
0.1,Sudden Drift,3,Evolving,12,46,27,0.20689655172413793,0.3076923076923077,0.24742268041237114,0.023457419683834777,1,0,1183.0
0.1,Sudden Drift,4,Static,17,102,22,0.14285714285714285,0.4358974358974359,0.21518987341772156,0.05201427842937277,1,0,1183.0
0.1,Sudden Drift,4,Evolving,11,52,28,0.1746031746031746,0.28205128205128205,0.2156862745098039,0.026517083120856707,1,0,1183.0
0.1,Gradual Drift,0,Static,16,98,23,0.14035087719298245,0.41025641025641024,0.2091503267973856,0.049974502804691484,1,0,1247.0
0.1,Gradual Drift,0,Evolving,12,49,27,0.19672131147540983,0.3076923076923077,0.24,0.024987251402345742,1,0,1247.0
0.1,Gradual Drift,1,Static,16,100,23,0.13793103448275862,0.41025641025641024,0.20645161290322583,0.05099439061703213,1,0,1247.0
0.1,Gradual Drift,1,Evolving,14,56,25,0.2,0.358974358974359,0.25688073394495414,0.02855685874553799,1,0,1247.0
0.1,Gradual Drift,2,Static,17,105,22,0.13934426229508196,0.4358974358974359,0.21118012422360244,0.05354411014788373,1,0,1311.0
0.1,Gradual Drift,2,Evolving,13,60,26,0.1780821917808219,0.3333333333333333,0.23214285714285715,0.030596634370219276,1,0,1311.0
0.1,Gradual Drift,3,Static,18,98,21,0.15517241379310345,0.46153846153846156,0.23225806451612904,0.049974502804691484,1,0,1311.0
0.1,Gradual Drift,3,Evolving,14,57,25,0.19718309859154928,0.358974358974359,0.2545454545454545,0.02906680265170831,1,0,1311.0
0.1,Gradual Drift,4,Static,17,101,22,0.1440677966101695,0.4358974358974359,0.21656050955414013,0.051504334523202445,1,0,1247.0
0.1,Gradual Drift,4,Evolving,12,57,27,0.17391304347826086,0.3076923076923077,0.2222222222222222,0.02906680265170831,1,0,1247.0
0.2,Control,0,Static,10,16,29,0.38461538461538464,0.2564102564102564,0.3076923076923077,0.00815910249872514,0,0,
0.2,Control,0,Evolving,10,16,29,0.38461538461538464,0.2564102564102564,0.3076923076923077,0.00815910249872514,0,0,
0.2,Control,1,Static,11,24,28,0.3142857142857143,0.28205128205128205,0.29729729729729726,0.01223865374808771,0,0,
0.2,Control,1,Evolving,11,24,28,0.3142857142857143,0.28205128205128205,0.29729729729729726,0.01223865374808771,0,0,
0.2,Control,2,Static,10,26,29,0.2777777777777778,0.2564102564102564,0.26666666666666666,0.013258541560428353,0,0,
0.2,Control,2,Evolving,10,26,29,0.2777777777777778,0.2564102564102564,0.26666666666666666,0.013258541560428353,0,0,
0.2,Control,3,Static,9,20,30,0.3103448275862069,0.23076923076923078,0.2647058823529412,0.010198878123406425,0,0,
0.2,Control,3,Evolving,9,20,30,0.3103448275862069,0.23076923076923078,0.2647058823529412,0.010198878123406425,0,0,
0.2,Control,4,Static,8,26,31,0.23529411764705882,0.20512820512820512,0.2191780821917808,0.013258541560428353,0,0,
0.2,Control,4,Evolving,8,26,31,0.23529411764705882,0.20512820512820512,0.2191780821917808,0.013258541560428353,0,0,
0.2,Sudden Drift,0,Static,16,89,23,0.1523809523809524,0.41025641025641024,0.2222222222222222,0.04538500764915859,1,0,1151.0
0.2,Sudden Drift,0,Evolving,12,34,27,0.2608695652173913,0.3076923076923077,0.2823529411764706,0.017338092809790925,1,0,1151.0
0.2,Sudden Drift,1,Static,16,88,23,0.15384615384615385,0.41025641025641024,0.22377622377622378,0.04487506374298827,1,0,1183.0
0.2,Sudden Drift,1,Evolving,14,47,25,0.22950819672131148,0.358974358974359,0.27999999999999997,0.0239673635900051,1,0,1183.0
0.2,Sudden Drift,2,Static,16,98,23,0.14035087719298245,0.41025641025641024,0.2091503267973856,0.049974502804691484,1,0,1183.0
0.2,Sudden Drift,2,Evolving,13,44,26,0.22807017543859648,0.3333333333333333,0.2708333333333333,0.022437531871494134,1,0,1183.0
0.2,Sudden Drift,3,Static,18,100,21,0.15254237288135594,0.46153846153846156,0.22929936305732485,0.05099439061703213,1,0,1183.0
0.2,Sudden Drift,3,Evolving,12,47,27,0.2033898305084746,0.3076923076923077,0.24489795918367346,0.0239673635900051,1,0,1183.0
0.2,Sudden Drift,4,Static,15,90,24,0.14285714285714285,0.38461538461538464,0.20833333333333331,0.04589495155532891,1,0,1183.0
0.2,Sudden Drift,4,Evolving,10,43,29,0.18867924528301888,0.2564102564102564,0.21739130434782608,0.021927587965323816,1,0,1183.0
0.2,Gradual Drift,0,Static,16,86,23,0.1568627450980392,0.41025641025641024,0.22695035460992907,0.04385517593064763,1,0,1247.0
0.2,Gradual Drift,0,Evolving,13,38,26,0.2549019607843137,0.3333333333333333,0.2888888888888889,0.019377868434472208,1,0,1247.0
0.2,Gradual Drift,1,Static,16,86,23,0.1568627450980392,0.41025641025641024,0.22695035460992907,0.04385517593064763,1,0,1247.0
0.2,Gradual Drift,1,Evolving,14,46,25,0.23333333333333334,0.358974358974359,0.2828282828282829,0.023457419683834777,1,0,1247.0
0.2,Gradual Drift,2,Static,16,98,23,0.14035087719298245,0.41025641025641024,0.2091503267973856,0.049974502804691484,1,0,1311.0
0.2,Gradual Drift,2,Evolving,12,59,27,0.16901408450704225,0.3076923076923077,0.21818181818181817,0.030086690464048955,1,0,1311.0
0.2,Gradual Drift,3,Static,18,98,21,0.15517241379310345,0.46153846153846156,0.23225806451612904,0.049974502804691484,1,0,1311.0
0.2,Gradual Drift,3,Evolving,13,54,26,0.19402985074626866,0.3333333333333333,0.2452830188679245,0.027536970933197347,1,0,1311.0
0.2,Gradual Drift,4,Static,15,91,24,0.14150943396226415,0.38461538461538464,0.20689655172413793,0.046404895461499236,1,0,1247.0
0.2,Gradual Drift,4,Evolving,8,51,31,0.13559322033898305,0.20512820512820512,0.16326530612244897,0.026007139214686385,1,0,1247.0
